Workbook

Sheet Assumptions
A1: AI Inference Token Consumption — Model Assumptions
A2: All figures are illustrative; edit the yellow cells to flex the model.
A4: Driver | B4: Text | C4: Voice | D4: Video
A5: Initial monthly active users (M, Q1 2024) | B5: 500 | C5: 60 | D5: 12
A6: User CAGR (annualized) | B6: 0.45 | C6: 0.85 | D6: 1.2
A7: Avg sessions per user per day | B7: 8 | C7: 2 | D7: 0.5
A8: Avg tokens per session | B8: 750 | C8: 6000 | D8: 60000
A9: Days per quarter | B9: 91 | C9: 91 | D9: 91
A12: Notes
A13: Tokens-per-session benchmarks reflect typical 2025 multimodal models:
A14: Text ≈ 500-1,000 tokens (prompt + completion)
A15: Voice ≈ 3,000 tokens / minute (ASR + LLM + TTS), ~2-min session
A16: Video ≈ 50,000 tokens / minute (frame patch tokens), ~1-min clip
A17: Quarterly user growth = (1 + CAGR) ^ (1/4) compounded from Q1 2024.

Sheet Forecast
A1: Quarterly Token Consumption Forecast (Trillions of Tokens)
A3: Modality | B3: Q1 2024 | C3: Q2 2024 | D3: Q3 2024 | E3: Q4 2024 | F3: Q1 2025 | G3: Q2 2025 | H3: Q3 2025 | I3: Q4 2025 | J3: Q1 2026 | K3: Q2 2026 | L3: Q3 2026 | M3: Q4 2026 | N3: Q1 2027 | O3: Q2 2027 | P3: Q3 2027 | Q3: Q4 2027 | R3: Q1 2028 | S3: Q2 2028 | T3: Q3 2028 | U3: Q4 2028 | V3: 5-Yr Total
A4: Text | B4: =((Assumptions!$B$5 * (1 + Assumptions!$B$6) ^ (0/4)) * 1000000 * Assumptions!$B$7 * Assumptions!$B$8 * Assumptions!$B$9)/1e12 | C4: =((Assumptions!$B$5 * (1 + Assumptions!$B$6) ^ (1/4)) * 1000000 * Assumptions!$B$7 * Assumptions!$B$8 * Assumptions!$B$9)/1e12 | D4: =((Assumptions!$B$5 * (1 + Assumptions!$B$6) ^ (2/4)) * 1000000 * Assumptions!$B$7 * Assumptions!$B$8 * Assumptions!$B$9)/1e12 | E4: =((Assumptions!$B$5 * (1 + Assumptions!$B$6) ^ (3/4)) * 1000000 * Assumptions!$B$7 * Assumptions!$B$8 * Assumptions!$B$9)/1e12 | F4: =((Assumptions!$B$5 * (1 + Assumptions!$B$6) ^ (4/4)) * 1000000 * Assumptions!$B$7 * Assumptions!$B$8 * Assumptions!$B$9)/1e12 | G4: =((Assumptions!$B$5 * (1 + Assumptions!$B$6) ^ (5/4)) * 1000000 * Assumptions!$B$7 * Assumptions!$B$8 * Assumptions!$B$9)/1e12 | H4: =((Assumptions!$B$5 * (1 + Assumptions!$B$6) ^ (6/4)) * 1000000 * Assumptions!$B$7 * Assumptions!$B$8 * Assumptions!$B$9)/1e12 | I4: =((Assumptions!$B$5 * (1 + Assumptions!$B$6) ^ (7/4)) * 1000000 * Assumptions!$B$7 * Assumptions!$B$8 * Assumptions!$B$9)/1e12 | J4: =((Assumptions!$B$5 * (1 + Assumptions!$B$6) ^ (8/4)) * 1000000 * Assumptions!$B$7 * Assumptions!$B$8 * Assumptions!$B$9)/1e12 | K4: =((Assumptions!$B$5 * (1 + Assumptions!$B$6) ^ (9/4)) * 1000000 * Assumptions!$B$7 * Assumptions!$B$8 * Assumptions!$B$9)/1e12 | L4: =((Assumptions!$B$5 * (1 + Assumptions!$B$6) ^ (10/4)) * 1000000 * Assumptions!$B$7 * Assumptions!$B$8 * Assumptions!$B$9)/1e12 | M4: =((Assumptions!$B$5 * (1 + Assumptions!$B$6) ^ (11/4)) * 1000000 * Assumptions!$B$7 * Assumptions!$B$8 * Assumptions!$B$9)/1e12 | N4: =((Assumptions!$B$5 * (1 + Assumptions!$B$6) ^ (12/4)) * 1000000 * Assumptions!$B$7 * Assumptions!$B$8 * Assumptions!$B$9)/1e12 | O4: =((Assumptions!$B$5 * (1 + Assumptions!$B$6) ^ (13/4)) * 1000000 * Assumptions!$B$7 * Assumptions!$B$8 * Assumptions!$B$9)/1e12 | P4: =((Assumptions!$B$5 * (1 + Assumptions!$B$6) ^ (14/4)) * 1000000 * Assumptions!$B$7 * Assumptions!$B$8 * Assumptions!$B$9)/1e12 | Q4: =((Assumptions!$B$5 * (1 + Assumptions!$B$6) ^ (15/4)) * 1000000 * Assumptions!$B$7 * Assumptions!$B$8 * Assumptions!$B$9)/1e12 | R4: =((Assumptions!$B$5 * (1 + Assumptions!$B$6) ^ (16/4)) * 1000000 * Assumptions!$B$7 * Assumptions!$B$8 * Assumptions!$B$9)/1e12 | S4: =((Assumptions!$B$5 * (1 + Assumptions!$B$6) ^ (17/4)) * 1000000 * Assumptions!$B$7 * Assumptions!$B$8 * Assumptions!$B$9)/1e12 | T4: =((Assumptions!$B$5 * (1 + Assumptions!$B$6) ^ (18/4)) * 1000000 * Assumptions!$B$7 * Assumptions!$B$8 * Assumptions!$B$9)/1e12 | U4: =((Assumptions!$B$5 * (1 + Assumptions!$B$6) ^ (19/4)) * 1000000 * Assumptions!$B$7 * Assumptions!$B$8 * Assumptions!$B$9)/1e12 | V4: =SUM(B4:U4)
A5: Voice | B5: =((Assumptions!$C$5 * (1 + Assumptions!$C$6) ^ (0/4)) * 1000000 * Assumptions!$C$7 * Assumptions!$C$8 * Assumptions!$C$9)/1e12 | C5: =((Assumptions!$C$5 * (1 + Assumptions!$C$6) ^ (1/4)) * 1000000 * Assumptions!$C$7 * Assumptions!$C$8 * Assumptions!$C$9)/1e12 | D5: =((Assumptions!$C$5 * (1 + Assumptions!$C$6) ^ (2/4)) * 1000000 * Assumptions!$C$7 * Assumptions!$C$8 * Assumptions!$C$9)/1e12 | E5: =((Assumptions!$C$5 * (1 + Assumptions!$C$6) ^ (3/4)) * 1000000 * Assumptions!$C$7 * Assumptions!$C$8 * Assumptions!$C$9)/1e12 | F5: =((Assumptions!$C$5 * (1 + Assumptions!$C$6) ^ (4/4)) * 1000000 * Assumptions!$C$7 * Assumptions!$C$8 * Assumptions!$C$9)/1e12 | G5: =((Assumptions!$C$5 * (1 + Assumptions!$C$6) ^ (5/4)) * 1000000 * Assumptions!$C$7 * Assumptions!$C$8 * Assumptions!$C$9)/1e12 | H5: =((Assumptions!$C$5 * (1 + Assumptions!$C$6) ^ (6/4)) * 1000000 * Assumptions!$C$7 * Assumptions!$C$8 * Assumptions!$C$9)/1e12 | I5: =((Assumptions!$C$5 * (1 + Assumptions!$C$6) ^ (7/4)) * 1000000 * Assumptions!$C$7 * Assumptions!$C$8 * Assumptions!$C$9)/1e12 | J5: =((Assumptions!$C$5 * (1 + Assumptions!$C$6) ^ (8/4)) * 1000000 * Assumptions!$C$7 * Assumptions!$C$8 * Assumptions!$C$9)/1e12 | K5: =((Assumptions!$C$5 * (1 + Assumptions!$C$6) ^ (9/4)) * 1000000 * Assumptions!$C$7 * Assumptions!$C$8 * Assumptions!$C$9)/1e12 | L5: =((Assumptions!$C$5 * (1 + Assumptions!$C$6) ^ (10/4)) * 1000000 * Assumptions!$C$7 * Assumptions!$C$8 * Assumptions!$C$9)/1e12 | M5: =((Assumptions!$C$5 * (1 + Assumptions!$C$6) ^ (11/4)) * 1000000 * Assumptions!$C$7 * Assumptions!$C$8 * Assumptions!$C$9)/1e12 | N5: =((Assumptions!$C$5 * (1 + Assumptions!$C$6) ^ (12/4)) * 1000000 * Assumptions!$C$7 * Assumptions!$C$8 * Assumptions!$C$9)/1e12 | O5: =((Assumptions!$C$5 * (1 + Assumptions!$C$6) ^ (13/4)) * 1000000 * Assumptions!$C$7 * Assumptions!$C$8 * Assumptions!$C$9)/1e12 | P5: =((Assumptions!$C$5 * (1 + Assumptions!$C$6) ^ (14/4)) * 1000000 * Assumptions!$C$7 * Assumptions!$C$8 * Assumptions!$C$9)/1e12 | Q5: =((Assumptions!$C$5 * (1 + Assumptions!$C$6) ^ (15/4)) * 1000000 * Assumptions!$C$7 * Assumptions!$C$8 * Assumptions!$C$9)/1e12 | R5: =((Assumptions!$C$5 * (1 + Assumptions!$C$6) ^ (16/4)) * 1000000 * Assumptions!$C$7 * Assumptions!$C$8 * Assumptions!$C$9)/1e12 | S5: =((Assumptions!$C$5 * (1 + Assumptions!$C$6) ^ (17/4)) * 1000000 * Assumptions!$C$7 * Assumptions!$C$8 * Assumptions!$C$9)/1e12 | T5: =((Assumptions!$C$5 * (1 + Assumptions!$C$6) ^ (18/4)) * 1000000 * Assumptions!$C$7 * Assumptions!$C$8 * Assumptions!$C$9)/1e12 | U5: =((Assumptions!$C$5 * (1 + Assumptions!$C$6) ^ (19/4)) * 1000000 * Assumptions!$C$7 * Assumptions!$C$8 * Assumptions!$C$9)/1e12 | V5: =SUM(B5:U5)
A6: Video | B6: =((Assumptions!$D$5 * (1 + Assumptions!$D$6) ^ (0/4)) * 1000000 * Assumptions!$D$7 * Assumptions!$D$8 * Assumptions!$D$9)/1e12 | C6: =((Assumptions!$D$5 * (1 + Assumptions!$D$6) ^ (1/4)) * 1000000 * Assumptions!$D$7 * Assumptions!$D$8 * Assumptions!$D$9)/1e12 | D6: =((Assumptions!$D$5 * (1 + Assumptions!$D$6) ^ (2/4)) * 1000000 * Assumptions!$D$7 * Assumptions!$D$8 * Assumptions!$D$9)/1e12 | E6: =((Assumptions!$D$5 * (1 + Assumptions!$D$6) ^ (3/4)) * 1000000 * Assumptions!$D$7 * Assumptions!$D$8 * Assumptions!$D$9)/1e12 | F6: =((Assumptions!$D$5 * (1 + Assumptions!$D$6) ^ (4/4)) * 1000000 * Assumptions!$D$7 * Assumptions!$D$8 * Assumptions!$D$9)/1e12 | G6: =((Assumptions!$D$5 * (1 + Assumptions!$D$6) ^ (5/4)) * 1000000 * Assumptions!$D$7 * Assumptions!$D$8 * Assumptions!$D$9)/1e12 | H6: =((Assumptions!$D$5 * (1 + Assumptions!$D$6) ^ (6/4)) * 1000000 * Assumptions!$D$7 * Assumptions!$D$8 * Assumptions!$D$9)/1e12 | I6: =((Assumptions!$D$5 * (1 + Assumptions!$D$6) ^ (7/4)) * 1000000 * Assumptions!$D$7 * Assumptions!$D$8 * Assumptions!$D$9)/1e12 | J6: =((Assumptions!$D$5 * (1 + Assumptions!$D$6) ^ (8/4)) * 1000000 * Assumptions!$D$7 * Assumptions!$D$8 * Assumptions!$D$9)/1e12 | K6: =((Assumptions!$D$5 * (1 + Assumptions!$D$6) ^ (9/4)) * 1000000 * Assumptions!$D$7 * Assumptions!$D$8 * Assumptions!$D$9)/1e12 | L6: =((Assumptions!$D$5 * (1 + Assumptions!$D$6) ^ (10/4)) * 1000000 * Assumptions!$D$7 * Assumptions!$D$8 * Assumptions!$D$9)/1e12 | M6: =((Assumptions!$D$5 * (1 + Assumptions!$D$6) ^ (11/4)) * 1000000 * Assumptions!$D$7 * Assumptions!$D$8 * Assumptions!$D$9)/1e12 | N6: =((Assumptions!$D$5 * (1 + Assumptions!$D$6) ^ (12/4)) * 1000000 * Assumptions!$D$7 * Assumptions!$D$8 * Assumptions!$D$9)/1e12 | O6: =((Assumptions!$D$5 * (1 + Assumptions!$D$6) ^ (13/4)) * 1000000 * Assumptions!$D$7 * Assumptions!$D$8 * Assumptions!$D$9)/1e12 | P6: =((Assumptions!$D$5 * (1 + Assumptions!$D$6) ^ (14/4)) * 1000000 * Assumptions!$D$7 * Assumptions!$D$8 * Assumptions!$D$9)/1e12 | Q6: =((Assumptions!$D$5 * (1 + Assumptions!$D$6) ^ (15/4)) * 1000000 * Assumptions!$D$7 * Assumptions!$D$8 * Assumptions!$D$9)/1e12 | R6: =((Assumptions!$D$5 * (1 + Assumptions!$D$6) ^ (16/4)) * 1000000 * Assumptions!$D$7 * Assumptions!$D$8 * Assumptions!$D$9)/1e12 | S6: =((Assumptions!$D$5 * (1 + Assumptions!$D$6) ^ (17/4)) * 1000000 * Assumptions!$D$7 * Assumptions!$D$8 * Assumptions!$D$9)/1e12 | T6: =((Assumptions!$D$5 * (1 + Assumptions!$D$6) ^ (18/4)) * 1000000 * Assumptions!$D$7 * Assumptions!$D$8 * Assumptions!$D$9)/1e12 | U6: =((Assumptions!$D$5 * (1 + Assumptions!$D$6) ^ (19/4)) * 1000000 * Assumptions!$D$7 * Assumptions!$D$8 * Assumptions!$D$9)/1e12 | V6: =SUM(B6:U6)
A7: Total | B7: =SUM(B4:B6) | C7: =SUM(C4:C6) | D7: =SUM(D4:D6) | E7: =SUM(E4:E6) | F7: =SUM(F4:F6) | G7: =SUM(G4:G6) | H7: =SUM(H4:H6) | I7: =SUM(I4:I6) | ... V7: =SUM(V4:V6)
A9: Annual Token Consumption (Trillions)
A10: Modality | B10: 2024 | C10: 2025 | D10: 2026 | E10: 2027 | F10: 2028 | G10: 5-Yr Total
A11: Text | B11: =SUM(B4:E4) | C11: =SUM(F4:I4) | D11: =SUM(J4:M4) | E11: =SUM(N4:Q4) | F11: =SUM(R4:U4) | G11: =SUM(B11:F11)
A12: Voice | B12: =SUM(B5:E5) | C12: =SUM(F5:I5) | D12: =SUM(J5:M5) | E12: =SUM(N5:Q5) | F12: =SUM(R5:U5) | G12: =SUM(B12:F12)
A13: Video | B13: =SUM(B6:E6) | C13: =SUM(F6:I6) | D13: =SUM(J6:M6) | E13: =SUM(N6:Q6) | F13: =SUM(R6:U6) | G13: =SUM(B13:F13)
A14: Total | B14: =SUM(B11:B13) | C14: =SUM(C11:C13) | D14: =SUM(D11:D13) | E14: =SUM(E11:E13) | F14: =SUM(F11:F13) | G14: =SUM(G11:G13)

Sheet Charts
A1: Visualizations — Token Consumption by Modality
