Workbook

Sheet README
B2: README — Methodology & Formulas
B5: Purpose | C5: Quantify how LLM memory footprint scales along two axes: parametric (weights) and KV cache, and how both drive decode-time economics.
B7: Three memory regimes
B8: 1. Parametric (weights) | C8: Fixed per model. Memory = params x bytes/elem. Scales linearly with param count; precision sets the slope (FP16=2B, FP8=1B, INT4=0.5B).
B9: 2. KV cache | C9: Grows at run time. Bytes = 2 x layers x kv_heads x head_dim x seq_len x batch x kv_bytes. Linear in context length AND batch size.
B10: 3. Decode | C10: Autoregressive generation reads weights + KV cache from HBM every token → memory-bandwidth bound. Step time ≈ (weights+KV)/BW.
B12: Key formulas
B13: Weights (GB) | C13: params_B x bytes_per_elem (since params_B x 1e9 x bytes / 1e9 = params_B x bytes)
B14: KV / token (KB) | C14: 2 x layers x kv_heads x head_dim x kv_bytes / 1024
B15: KV total (GB) | C15: (KV_per_token_KB x 1024) x seq_len x batch / 1e9
B16: Decode step (ms) | C16: (weights_GB + KV_GB) / mem_BW_TBps [GB/1e9 ÷ TB/1e12 x1000 = GB/TBps]
B17: Throughput (tok/s) | C17: 1000 / decode_step_ms (single stream, BW-bound upper bound)
B19: Why GQA matters | C19: Grouped-Query Attention slashes kv_heads (e.g. 64→8), cutting KV cache 8x vs multi-head attention. This is why modern long-context models are viable.
B21: Caveats | C21: Estimates ignore compute-bound prefill, kernel/MFU inefficiency, PagedAttention fragmentation, and batching amortization. Treat throughput as an optimistic ceiling.
B23: How to use | C23: Edit yellow cells on Assumptions (precision, batch, overhead, GPU) and F5 on Decode Economics (context). All tabs recompute live.
B25: Tabs | C25: Assumptions · Models · Weights Memory · KV Cache Scaling · Decode Economics · Parametric Scaling (charts) · README

Sheet Assumptions
B2: LLM Parametric vs Memory Scaling — Assumptions
B3: Yellow cells are editable inputs. Every other tab references these values via live formulas.
B5: Numeric precision (bytes per element)
B6: Precision | C6: Bytes/elem | D6: Notes
B7: FP32 | C7: 4 | D7: Full precision (training / reference)
B8: FP16 / BF16 | C8: 2 | D8: Standard inference precision
B9: FP8 | C9: 1 | D9: Hopper/Blackwell native; frontier inference
B10: INT4 / NF4 | C10: 0.5 | D10: Aggressive weight-only quantization
B13: Default serving assumptions
B14: Weight precision bytes/elem | D14: 2 | E14: Default = FP16/BF16
B15: KV cache precision bytes/elem | D15: 2 | E15: Default = FP16 KV
B16: Batch size (concurrent seqs) | D16: 1 | E16: Concurrent sequences served
B17: Weights overhead factor | D17: 1.15 | E17: CUDA ctx, fragmentation, buffers
B18: Activation / runtime overhead | D18: 1.1 | E18: Applied on top of weights+KV
B19: Selected GPU (row # below) | D19: 2 | E19: Pick GPU for Decode tab (1-5)
B22: Accelerator specifications
B23: # | C23: Accelerator | D23: HBM (GB) | E23: Mem BW (TB/s) | F23: Notes
B24: 1 | C24: NVIDIA A100 80GB | D24: 80 | E24: 2.04 | F24: Ampere, HBM2e
B25: 2 | C25: NVIDIA H100 SXM | D25: 80 | E25: 3.35 | F25: Hopper, HBM3
B26: 3 | C26: NVIDIA H200 | D26: 141 | E26: 4.8 | F26: Hopper, HBM3e
B27: 4 | C27: NVIDIA B200 | D27: 192 | E27: 8 | F27: Blackwell, HBM3e
B28: 5 | C28: AMD MI300X | D28: 192 | E28: 5.3 | F28: CDNA3, HBM3
B31: Selected GPU (from row # above)
B32: Name | D32: =INDEX($C$24:$C$28,Assumptions!$D$19)
B33: HBM (GB) | D33: =INDEX($D$24:$D$28,Assumptions!$D$19)
B34: Mem BW (TB/s) | D34: =INDEX($E$24:$E$28,Assumptions!$D$19)

Sheet Models
B2: Model Architectures
B3: Public / reported configurations. KV cache scales with (layers x kv_heads x head_dim); weights scale with total parameters.
B5: Model | C5: Params (B) | D5: Layers | E5: Hidden | F5: Attn heads | G5: KV heads | H5: Head dim | I5: Vocab | J5: Max ctx (K) | K5: Attn type
B6: Llama-3.2-1B | C6: 1.24 | D6: 16 | E6: 2048 | F6: 32 | G6: 8 | H6: 64 | I6: 128256 | J6: 128 | K6: GQA
B7: Llama-3.2-3B | C7: 3.21 | D7: 28 | E7: 3072 | F7: 24 | G7: 8 | H7: 128 | I7: 128256 | J7: 128 | K7: GQA
B8: Llama-3.1-8B | C8: 8.03 | D8: 32 | E8: 4096 | F8: 32 | G8: 8 | H8: 128 | I8: 128256 | J8: 128 | K8: GQA
B9: Llama-2-7B | C9: 6.74 | D9: 32 | E9: 4096 | F9: 32 | G9: 32 | H9: 128 | I9: 32000 | J9: 4 | K9: MHA
B10: Mistral-7B v0.3 | C10: 7.25 | D10: 32 | E10: 4096 | F10: 32 | G10: 8 | H10: 128 | I10: 32768 | J10: 32 | K10: GQA
B11: Qwen2.5-7B | C11: 7.62 | D11: 28 | E11: 3584 | F11: 28 | G11: 4 | H11: 128 | I11: 152064 | J11: 128 | K11: GQA
B12: Gemma-2-9B | C12: 9.24 | D12: 42 | E12: 3584 | F12: 16 | G12: 8 | H12: 256 | I12: 256128 | J12: 8 | K12: GQA
B13: Gemma-2-27B | C13: 27.2 | D13: 46 | E13: 4608 | F13: 32 | G13: 16 | H13: 128 | I13: 256128 | J13: 8 | K13: GQA
B14: Llama-2-70B | C14: 68.9 | D14: 80 | E14: 8192 | F14: 64 | G14: 8 | H14: 128 | I14: 32000 | J14: 4 | K14: GQA
B15: Qwen2.5-72B | C15: 72.7 | D15: 80 | E15: 8192 | F15: 64 | G15: 8 | H15: 128 | I15: 152064 | J15: 128 | K15: GQA
B16: Llama-3.1-70B | C16: 70.6 | D16: 80 | E16: 8192 | F16: 64 | G16: 8 | H16: 128 | I16: 128256 | J16: 128 | K16: GQA
B17: GPT-3 175B | C17: 175 | D17: 96 | E17: 12288 | F17: 96 | G17: 96 | H17: 128 | I17: 50257 | J17: 2 | K17: MHA
B18: Llama-3.1-405B | C18: 405 | D18: 126 | E18: 16384 | F18: 128 | G18: 8 | H18: 128 | I18: 128256 | J18: 128 | K18: GQA

Sheet Weights Memory
B2: Parametric (Weights) Memory
B3: Weights memory = params x bytes/elem x overhead. Overhead applied per Assumptions. GB = 1e9 bytes.
B5: Model | C5: Params (B) | D5: FP16 (GB) | E5: FP8 (GB) | F5: INT4 (GB) | G5: FP16 + overhead | H5: # H200 (141GB) | I5: # B200 (192GB)
B6: =Models!$B$6 | C6: =Models!$C$6 | D6: =C6*Assumptions!$C$8 | E6: =C6*Assumptions!$C$9 | F6: =C6*Assumptions!$C$10 | G6: =D6*Assumptions!$D$17 | H6: =CEILING(G6/141,1) | I6: =CEILING(G6/192,1)
B7: =Models!$B$7 | C7: =Models!$C$7 | D7: =C7*Assumptions!$C$8 | E7: =C7*Assumptions!$C$9 | F7: =C7*Assumptions!$C$10 | G7: =D7*Assumptions!$D$17 | H7: =CEILING(G7/141,1) | I7: =CEILING(G7/192,1)
B8: =Models!$B$8 | C8: =Models!$C$8 | D8: =C8*Assumptions!$C$8 | E8: =C8*Assumptions!$C$9 | F8: =C8*Assumptions!$C$10 | G8: =D8*Assumptions!$D$17 | H8: =CEILING(G8/141,1) | I8: =CEILING(G8/192,1)
B9: =Models!$B$9 | C9: =Models!$C$9 | D9: =C9*Assumptions!$C$8 | E9: =C9*Assumptions!$C$9 | F9: =C9*Assumptions!$C$10 | G9: =D9*Assumptions!$D$17 | H9: =CEILING(G9/141,1) | I9: =CEILING(G9/192,1)
B10: =Models!$B$10 | C10: =Models!$C$10 | D10: =C10*Assumptions!$C$8 | E10: =C10*Assumptions!$C$9 | F10: =C10*Assumptions!$C$10 | G10: =D10*Assumptions!$D$17 | H10: =CEILING(G10/141,1) | I10: =CEILING(G10/192,1)
B11: =Models!$B$11 | C11: =Models!$C$11 | D11: =C11*Assumptions!$C$8 | E11: =C11*Assumptions!$C$9 | F11: =C11*Assumptions!$C$10 | G11: =D11*Assumptions!$D$17 | H11: =CEILING(G11/141,1) | I11: =CEILING(G11/192,1)
B12: =Models!$B$12 | C12: =Models!$C$12 | D12: =C12*Assumptions!$C$8 | E12: =C12*Assumptions!$C$9 | F12: =C12*Assumptions!$C$10 | G12: =D12*Assumptions!$D$17 | H12: =CEILING(G12/141,1) | I12: =CEILING(G12/192,1)
B13: =Models!$B$13 | C13: =Models!$C$13 | D13: =C13*Assumptions!$C$8 | E13: =C13*Assumptions!$C$9 | F13: =C13*Assumptions!$C$10 | G13: =D13*Assumptions!$D$17 | H13: =CEILING(G13/141,1) | I13: =CEILING(G13/192,1)
B14: =Models!$B$14 | C14: =Models!$C$14 | D14: =C14*Assumptions!$C$8 | E14: =C14*Assumptions!$C$9 | F14: =C14*Assumptions!$C$10 | G14: =D14*Assumptions!$D$17 | H14: =CEILING(G14/141,1) | I14: =CEILING(G14/192,1)
B15: =Models!$B$15 | C15: =Models!$C$15 | D15: =C15*Assumptions!$C$8 | E15: =C15*Assumptions!$C$9 | F15: =C15*Assumptions!$C$10 | G15: =D15*Assumptions!$D$17 | H15: =CEILING(G15/141,1) | I15: =CEILING(G15/192,1)
B16: =Models!$B$16 | C16: =Models!$C$16 | D16: =C16*Assumptions!$C$8 | E16: =C16*Assumptions!$C$9 | F16: =C16*Assumptions!$C$10 | G16: =D16*Assumptions!$D$17 | H16: =CEILING(G16/141,1) | I16: =CEILING(G16/192,1)
B17: =Models!$B$17 | C17: =Models!$C$17 | D17: =C17*Assumptions!$C$8 | E17: =C17*Assumptions!$C$9 | F17: =C17*Assumptions!$C$10 | G17: =D17*Assumptions!$D$17 | H17: =CEILING(G17/141,1) | I17: =CEILING(G17/192,1)
B18: =Models!$B$18 | C18: =Models!$C$18 | D18: =C18*Assumptions!$C$8 | E18: =C18*Assumptions!$C$9 | F18: =C18*Assumptions!$C$10 | G18: =D18*Assumptions!$D$17 | H18: =CEILING(G18/141,1) | I18: =CEILING(G18/192,1)

Sheet KV Cache Scaling
B2: KV Cache Memory Scaling
B3: KV bytes = 2 x layers x kv_heads x head_dim x seq_len x batch x kv_bytes. Grows LINEARLY with context & batch.
B4: Per-token column is batch-independent; matrix below uses batch size from Assumptions.
B6: Model | C6: KV / token (KB) | D6: 1K ctx (GB) | E6: 2K ctx (GB) | F6: 4K ctx (GB) | G6: 8K ctx (GB) | H6: 16K ctx (GB) | I6: 32K ctx (GB) | J6: 64K ctx (GB) | K6: 128K ctx (GB)
B7: =Models!$B$6 | C7: =2*Models!$D$6*Models!$G$6*Models!$H$6*Assumptions!$D$15/1024 | D7: =$C7*1024*1024*Assumptions!$D$16/1000000000 | E7: =$C7*1024*2048*Assumptions!$D$16/1000000000 | F7: =$C7*1024*4096*Assumptions!$D$16/1000000000 | G7: =$C7*1024*8192*Assumptions!$D$16/1000000000 | H7: =$C7*1024*16384*Assumptions!$D$16/1000000000 | I7: =$C7*1024*32768*Assumptions!$D$16/1000000000 | J7: =$C7*1024*65536*Assumptions!$D$16/1000000000 | K7: =$C7*1024*131072*Assumptions!$D$16/1000000000
B8: =Models!$B$7 | C8: =2*Models!$D$7*Models!$G$7*Models!$H$7*Assumptions!$D$15/1024 | D8: =$C8*1024*1024*Assumptions!$D$16/1000000000 | E8: =$C8*1024*2048*Assumptions!$D$16/1000000000 | F8: =$C8*1024*4096*Assumptions!$D$16/1000000000 | G8: =$C8*1024*8192*Assumptions!$D$16/1000000000 | H8: =$C8*1024*16384*Assumptions!$D$16/1000000000 | I8: =$C8*1024*32768*Assumptions!$D$16/1000000000 | J8: =$C8*1024*65536*Assumptions!$D$16/1000000000 | K8: =$C8*1024*131072*Assumptions!$D$16/1000000000
B9: =Models!$B$8 | C9: =2*Models!$D$8*Models!$G$8*Models!$H$8*Assumptions!$D$15/1024 | D9: =$C9*1024*1024*Assumptions!$D$16/1000000000 | E9: =$C9*1024*2048*Assumptions!$D$16/1000000000 | F9: =$C9*1024*4096*Assumptions!$D$16/1000000000 | G9: =$C9*1024*8192*Assumptions!$D$16/1000000000 | H9: =$C9*1024*16384*Assumptions!$D$16/1000000000 | I9: =$C9*1024*32768*Assumptions!$D$16/1000000000 | J9: =$C9*1024*65536*Assumptions!$D$16/1000000000 | K9: =$C9*1024*131072*Assumptions!$D$16/1000000000
B10: =Models!$B$9 | C10: =2*Models!$D$9*Models!$G$9*Models!$H$9*Assumptions!$D$15/1024 | D10: =$C10*1024*1024*Assumptions!$D$16/1000000000 | E10: =$C10*1024*2048*Assumptions!$D$16/1000000000 | F10: =$C10*1024*4096*Assumptions!$D$16/1000000000 | G10: =$C10*1024*8192*Assumptions!$D$16/1000000000 | H10: =$C10*1024*16384*Assumptions!$D$16/1000000000 | I10: =$C10*1024*32768*Assumptions!$D$16/1000000000 | J10: =$C10*1024*65536*Assumptions!$D$16/1000000000 | K10: =$C10*1024*131072*Assumptions!$D$16/1000000000
B11: =Models!$B$10 | C11: =2*Models!$D$10*Models!$G$10*Models!$H$10*Assumptions!$D$15/1024 | D11: =$C11*1024*1024*Assumptions!$D$16/1000000000 | E11: =$C11*1024*2048*Assumptions!$D$16/1000000000 | F11: =$C11*1024*4096*Assumptions!$D$16/1000000000 | G11: =$C11*1024*8192*Assumptions!$D$16/1000000000 | H11: =$C11*1024*16384*Assumptions!$D$16/1000000000 | I11: =$C11*1024*32768*Assumptions!$D$16/1000000000 | J11: =$C11*1024*65536*Assumptions!$D$16/1000000000 | K11: =$C11*1024*131072*Assumptions!$D$16/1000000000
B12: =Models!$B$11 | C12: =2*Models!$D$11*Models!$G$11*Models!$H$11*Assumptions!$D$15/1024 | D12: =$C12*1024*1024*Assumptions!$D$16/1000000000 | E12: =$C12*1024*2048*Assumptions!$D$16/1000000000 | F12: =$C12*1024*4096*Assumptions!$D$16/1000000000 | G12: =$C12*1024*8192*Assumptions!$D$16/1000000000 | H12: =$C12*1024*16384*Assumptions!$D$16/1000000000 | I12: =$C12*1024*32768*Assumptions!$D$16/1000000000 | J12: =$C12*1024*65536*Assumptions!$D$16/1000000000 | K12: =$C12*1024*131072*Assumptions!$D$16/1000000000
B13: =Models!$B$12 | C13: =2*Models!$D$12*Models!$G$12*Models!$H$12*Assumptions!$D$15/1024 | D13: =$C13*1024*1024*Assumptions!$D$16/1000000000 | E13: =$C13*1024*2048*Assumptions!$D$16/1000000000 | F13: =$C13*1024*4096*Assumptions!$D$16/1000000000 | G13: =$C13*1024*8192*Assumptions!$D$16/1000000000 | H13: =$C13*1024*16384*Assumptions!$D$16/1000000000 | I13: =$C13*1024*32768*Assumptions!$D$16/1000000000 | J13: =$C13*1024*65536*Assumptions!$D$16/1000000000 | K13: =$C13*1024*131072*Assumptions!$D$16/1000000000
B14: =Models!$B$13 | C14: =2*Models!$D$13*Models!$G$13*Models!$H$13*Assumptions!$D$15/1024 | D14: =$C14*1024*1024*Assumptions!$D$16/1000000000 | E14: =$C14*1024*2048*Assumptions!$D$16/1000000000 | F14: =$C14*1024*4096*Assumptions!$D$16/1000000000 | G14: =$C14*1024*8192*Assumptions!$D$16/1000000000 | H14: =$C14*1024*16384*Assumptions!$D$16/1000000000 | I14: =$C14*1024*32768*Assumptions!$D$16/1000000000 | J14: =$C14*1024*65536*Assumptions!$D$16/1000000000 | K14: =$C14*1024*131072*Assumptions!$D$16/1000000000
B15: =Models!$B$14 | C15: =2*Models!$D$14*Models!$G$14*Models!$H$14*Assumptions!$D$15/1024 | D15: =$C15*1024*1024*Assumptions!$D$16/1000000000 | E15: =$C15*1024*2048*Assumptions!$D$16/1000000000 | F15: =$C15*1024*4096*Assumptions!$D$16/1000000000 | G15: =$C15*1024*8192*Assumptions!$D$16/1000000000 | H15: =$C15*1024*16384*Assumptions!$D$16/1000000000 | I15: =$C15*1024*32768*Assumptions!$D$16/1000000000 | J15: =$C15*1024*65536*Assumptions!$D$16/1000000000 | K15: =$C15*1024*131072*Assumptions!$D$16/1000000000
B16: =Models!$B$15 | C16: =2*Models!$D$15*Models!$G$15*Models!$H$15*Assumptions!$D$15/1024 | D16: =$C16*1024*1024*Assumptions!$D$16/1000000000 | E16: =$C16*1024*2048*Assumptions!$D$16/1000000000 | F16: =$C16*1024*4096*Assumptions!$D$16/1000000000 | G16: =$C16*1024*8192*Assumptions!$D$16/1000000000 | H16: =$C16*1024*16384*Assumptions!$D$16/1000000000 | I16: =$C16*1024*32768*Assumptions!$D$16/1000000000 | J16: =$C16*1024*65536*Assumptions!$D$16/1000000000 | K16: =$C16*1024*131072*Assumptions!$D$16/1000000000
B17: =Models!$B$16 | C17: =2*Models!$D$16*Models!$G$16*Models!$H$16*Assumptions!$D$15/1024 | D17: =$C17*1024*1024*Assumptions!$D$16/1000000000 | E17: =$C17*1024*2048*Assumptions!$D$16/1000000000 | F17: =$C17*1024*4096*Assumptions!$D$16/1000000000 | G17: =$C17*1024*8192*Assumptions!$D$16/1000000000 | H17: =$C17*1024*16384*Assumptions!$D$16/1000000000 | I17: =$C17*1024*32768*Assumptions!$D$16/1000000000 | J17: =$C17*1024*65536*Assumptions!$D$16/1000000000 | K17: =$C17*1024*131072*Assumptions!$D$16/1000000000
B18: =Models!$B$17 | C18: =2*Models!$D$17*Models!$G$17*Models!$H$17*Assumptions!$D$15/1024 | D18: =$C18*1024*1024*Assumptions!$D$16/1000000000 | E18: =$C18*1024*2048*Assumptions!$D$16/1000000000 | F18: =$C18*1024*4096*Assumptions!$D$16/1000000000 | G18: =$C18*1024*8192*Assumptions!$D$16/1000000000 | H18: =$C18*1024*16384*Assumptions!$D$16/1000000000 | I18: =$C18*1024*32768*Assumptions!$D$16/1000000000 | J18: =$C18*1024*65536*Assumptions!$D$16/1000000000 | K18: =$C18*1024*131072*Assumptions!$D$16/1000000000
B19: =Models!$B$18 | C19: =2*Models!$D$18*Models!$G$18*Models!$H$18*Assumptions!$D$15/1024 | D19: =$C19*1024*1024*Assumptions!$D$16/1000000000 | E19: =$C19*1024*2048*Assumptions!$D$16/1000000000 | F19: =$C19*1024*4096*Assumptions!$D$16/1000000000 | G19: =$C19*1024*8192*Assumptions!$D$16/1000000000 | H19: =$C19*1024*16384*Assumptions!$D$16/1000000000 | I19: =$C19*1024*32768*Assumptions!$D$16/1000000000 | J19: =$C19*1024*65536*Assumptions!$D$16/1000000000 | K19: =$C19*1024*131072*Assumptions!$D$16/1000000000
B21: Note: MHA models (Llama-2-7B, GPT-3) carry far larger KV per token than GQA models of similar size — the KV cache, not weights, dominates long-context memory.

Sheet Decode Economics
B2: Decode Economics (Memory-Bandwidth Bound)
B3: Autoregressive decode reads all weights + KV each step. Step time ≈ (weight_bytes + kv_bytes) / mem_BW.
B5: Context length for decode (tokens): | F5: 8192
B6: Selected GPU: | C6: =Assumptions!$D$33&" GB HBM @ "&Assumptions!$D$34&" TB/s" | F6: =Assumptions!$D$34
B8: Model | C8: Weights FP16 (GB) | D8: KV @ ctx (GB) | E8: Total mem (GB) | F8: Fits on GPU? | G8: Decode step (ms) | H8: Throughput (tok/s) | I8: Bottleneck
B9: =Models!$B$6 | C9: ='Weights Memory'!D6 | D9: ='KV Cache Scaling'!$C7*1024*'Decode Economics'!$F$5*Assumptions!$D$16/1000000000 | E9: =(C9+D9)*Assumptions!$D$18 | F9: =IF(E9<=Assumptions!$D$33,"Yes","No — "&CEILING(E9/Assumptions!$D$33,1)&"x GPU") | G9: =(C9+D9)/Assumptions!$D$34 | H9: =1000/G9 | I9: =IF(D9>C9,"KV-cache","Weights")
B10: =Models!$B$7 | C10: ='Weights Memory'!D7 | D10: ='KV Cache Scaling'!$C8*1024*'Decode Economics'!$F$5*Assumptions!$D$16/1000000000 | E10: =(C10+D10)*Assumptions!$D$18 | F10: =IF(E10<=Assumptions!$D$33,"Yes","No — "&CEILING(E10/Assumptions!$D$33,1)&"x GPU") | G10: =(C10+D10)/Assumptions!$D$34 | H10: =1000/G10 | I10: =IF(D10>C10,"KV-cache","Weights")
B11: =Models!$B$8 | C11: ='Weights Memory'!D8 | D11: ='KV Cache Scaling'!$C9*1024*'Decode Economics'!$F$5*Assumptions!$D$16/1000000000 | E11: =(C11+D11)*Assumptions!$D$18 | F11: =IF(E11<=Assumptions!$D$33,"Yes","No — "&CEILING(E11/Assumptions!$D$33,1)&"x GPU") | G11: =(C11+D11)/Assumptions!$D$34 | H11: =1000/G11 | I11: =IF(D11>C11,"KV-cache","Weights")
B12: =Models!$B$9 | C12: ='Weights Memory'!D9 | D12: ='KV Cache Scaling'!$C10*1024*'Decode Economics'!$F$5*Assumptions!$D$16/1000000000 | E12: =(C12+D12)*Assumptions!$D$18 | F12: =IF(E12<=Assumptions!$D$33,"Yes","No — "&CEILING(E12/Assumptions!$D$33,1)&"x GPU") | G12: =(C12+D12)/Assumptions!$D$34 | H12: =1000/G12 | I12: =IF(D12>C12,"KV-cache","Weights")
B13: =Models!$B$10 | C13: ='Weights Memory'!D10 | D13: ='KV Cache Scaling'!$C11*1024*'Decode Economics'!$F$5*Assumptions!$D$16/1000000000 | E13: =(C13+D13)*Assumptions!$D$18 | F13: =IF(E13<=Assumptions!$D$33,"Yes","No — "&CEILING(E13/Assumptions!$D$33,1)&"x GPU") | G13: =(C13+D13)/Assumptions!$D$34 | H13: =1000/G13 | I13: =IF(D13>C13,"KV-cache","Weights")
B14: =Models!$B$11 | C14: ='Weights Memory'!D11 | D14: ='KV Cache Scaling'!$C12*1024*'Decode Economics'!$F$5*Assumptions!$D$16/1000000000 | E14: =(C14+D14)*Assumptions!$D$18 | F14: =IF(E14<=Assumptions!$D$33,"Yes","No — "&CEILING(E14/Assumptions!$D$33,1)&"x GPU") | G14: =(C14+D14)/Assumptions!$D$34 | H14: =1000/G14 | I14: =IF(D14>C14,"KV-cache","Weights")
B15: =Models!$B$12 | C15: ='Weights Memory'!D12 | D15: ='KV Cache Scaling'!$C13*1024*'Decode Economics'!$F$5*Assumptions!$D$16/1000000000 | E15: =(C15+D15)*Assumptions!$D$18 | F15: =IF(E15<=Assumptions!$D$33,"Yes","No — "&CEILING(E15/Assumptions!$D$33,1)&"x GPU") | G15: =(C15+D15)/Assumptions!$D$34 | H15: =1000/G15 | I15: =IF(D15>C15,"KV-cache","Weights")
B16: =Models!$B$13 | C16: ='Weights Memory'!D13 | D16: ='KV Cache Scaling'!$C14*1024*'Decode Economics'!$F$5*Assumptions!$D$16/1000000000 | E16: =(C16+D16)*Assumptions!$D$18 | F16: =IF(E16<=Assumptions!$D$33,"Yes","No — "&CEILING(E16/Assumptions!$D$33,1)&"x GPU") | G16: =(C16+D16)/Assumptions!$D$34 | H16: =1000/G16 | I16: =IF(D16>C16,"KV-cache","Weights")
B17: =Models!$B$14 | C17: ='Weights Memory'!D14 | D17: ='KV Cache Scaling'!$C15*1024*'Decode Economics'!$F$5*Assumptions!$D$16/1000000000 | E17: =(C17+D17)*Assumptions!$D$18 | F17: =IF(E17<=Assumptions!$D$33,"Yes","No — "&CEILING(E17/Assumptions!$D$33,1)&"x GPU") | G17: =(C17+D17)/Assumptions!$D$34 | H17: =1000/G17 | I17: =IF(D17>C17,"KV-cache","Weights")
B18: =Models!$B$15 | C18: ='Weights Memory'!D15 | D18: ='KV Cache Scaling'!$C16*1024*'Decode Economics'!$F$5*Assumptions!$D$16/1000000000 | E18: =(C18+D18)*Assumptions!$D$18 | F18: =IF(E18<=Assumptions!$D$33,"Yes","No — "&CEILING(E18/Assumptions!$D$33,1)&"x GPU") | G18: =(C18+D18)/Assumptions!$D$34 | H18: =1000/G18 | I18: =IF(D18>C18,"KV-cache","Weights")
B19: =Models!$B$16 | C19: ='Weights Memory'!D16 | D19: ='KV Cache Scaling'!$C17*1024*'Decode Economics'!$F$5*Assumptions!$D$16/1000000000 | E19: =(C19+D19)*Assumptions!$D$18 | F19: =IF(E19<=Assumptions!$D$33,"Yes","No — "&CEILING(E19/Assumptions!$D$33,1)&"x GPU") | G19: =(C19+D19)/Assumptions!$D$34 | H19: =1000/G19 | I19: =IF(D19>C19,"KV-cache","Weights")
B20: =Models!$B$17 | C20: ='Weights Memory'!D17 | D20: ='KV Cache Scaling'!$C18*1024*'Decode Economics'!$F$5*Assumptions!$D$16/1000000000 | E20: =(C20+D20)*Assumptions!$D$18 | F20: =IF(E20<=Assumptions!$D$33,"Yes","No — "&CEILING(E20/Assumptions!$D$33,1)&"x GPU") | G20: =(C20+D20)/Assumptions!$D$34 | H20: =1000/G20 | I20: =IF(D20>C20,"KV-cache","Weights")
B21: =Models!$B$18 | C21: ='Weights Memory'!D18 | D21: ='KV Cache Scaling'!$C19*1024*'Decode Economics'!$F$5*Assumptions!$D$16/1000000000 | E21: =(C21+D21)*Assumptions!$D$18 | F21: =IF(E21<=Assumptions!$D$33,"Yes","No — "&CEILING(E21/Assumptions!$D$33,1)&"x GPU") | G21: =(C21+D21)/Assumptions!$D$34 | H21: =1000/G21 | I21: =IF(D21>C21,"KV-cache","Weights")
B23: Single-stream, memory-bandwidth-bound estimate (ignores compute, kernel efficiency, and batching amortization of weights). Real throughput is lower; batching raises aggregate tok/s by amortizing weight reads across sequences.

Sheet Parametric Scaling
B2: Parametric Memory Scaling Curve
B3: Weights memory grows linearly with parameter count; the multiplier is set purely by precision (bytes/elem).
B5: Params (B) | C5: FP32 (GB) | D5: FP16 (GB) | E5: FP8 (GB) | F5: INT4 (GB) | G5: # H100 (80GB) FP16 | H5: # B200 (192GB) FP16
B6: 0.5 | C6: =B6*Assumptions!$C$7 | D6: =B6*Assumptions!$C$8 | E6: =B6*Assumptions!$C$9 | F6: =B6*Assumptions!$C$10 | G6: =CEILING(D6*Assumptions!$D$17/80,1) | H6: =CEILING(D6*Assumptions!$D$17/192,1)
B7: 1 | C7: =B7*Assumptions!$C$7 | D7: =B7*Assumptions!$C$8 | E7: =B7*Assumptions!$C$9 | F7: =B7*Assumptions!$C$10 | G7: =CEILING(D7*Assumptions!$D$17/80,1) | H7: =CEILING(D7*Assumptions!$D$17/192,1)
B8: 3 | C8: =B8*Assumptions!$C$7 | D8: =B8*Assumptions!$C$8 | E8: =B8*Assumptions!$C$9 | F8: =B8*Assumptions!$C$10 | G8: =CEILING(D8*Assumptions!$D$17/80,1) | H8: =CEILING(D8*Assumptions!$D$17/192,1)
B9: 7 | C9: =B9*Assumptions!$C$7 | D9: =B9*Assumptions!$C$8 | E9: =B9*Assumptions!$C$9 | F9: =B9*Assumptions!$C$10 | G9: =CEILING(D9*Assumptions!$D$17/80,1) | H9: =CEILING(D9*Assumptions!$D$17/192,1)
B10: 13 | C10: =B10*Assumptions!$C$7 | D10: =B10*Assumptions!$C$8 | E10: =B10*Assumptions!$C$9 | F10: =B10*Assumptions!$C$10 | G10: =CEILING(D10*Assumptions!$D$17/80,1) | H10: =CEILING(D10*Assumptions!$D$17/192,1)
B11: 30 | C11: =B11*Assumptions!$C$7 | D11: =B11*Assumptions!$C$8 | E11: =B11*Assumptions!$C$9 | F11: =B11*Assumptions!$C$10 | G11: =CEILING(D11*Assumptions!$D$17/80,1) | H11: =CEILING(D11*Assumptions!$D$17/192,1)
B12: 70 | C12: =B12*Assumptions!$C$7 | D12: =B12*Assumptions!$C$8 | E12: =B12*Assumptions!$C$9 | F12: =B12*Assumptions!$C$10 | G12: =CEILING(D12*Assumptions!$D$17/80,1) | H12: =CEILING(D12*Assumptions!$D$17/192,1)
B13: 130 | C13: =B13*Assumptions!$C$7 | D13: =B13*Assumptions!$C$8 | E13: =B13*Assumptions!$C$9 | F13: =B13*Assumptions!$C$10 | G13: =CEILING(D13*Assumptions!$D$17/80,1) | H13: =CEILING(D13*Assumptions!$D$17/192,1)
B14: 175 | C14: =B14*Assumptions!$C$7 | D14: =B14*Assumptions!$C$8 | E14: =B14*Assumptions!$C$9 | F14: =B14*Assumptions!$C$10 | G14: =CEILING(D14*Assumptions!$D$17/80,1) | H14: =CEILING(D14*Assumptions!$D$17/192,1)
B15: 405 | C15: =B15*Assumptions!$C$7 | D15: =B15*Assumptions!$C$8 | E15: =B15*Assumptions!$C$9 | F15: =B15*Assumptions!$C$10 | G15: =CEILING(D15*Assumptions!$D$17/80,1) | H15: =CEILING(D15*Assumptions!$D$17/192,1)
B16: 671 | C16: =B16*Assumptions!$C$7 | D16: =B16*Assumptions!$C$8 | E16: =B16*Assumptions!$C$9 | F16: =B16*Assumptions!$C$10 | G16: =CEILING(D16*Assumptions!$D$17/80,1) | H16: =CEILING(D16*Assumptions!$D$17/192,1)
B17: 1000 | C17: =B17*Assumptions!$C$7 | D17: =B17*Assumptions!$C$8 | E17: =B17*Assumptions!$C$9 | F17: =B17*Assumptions!$C$10 | G17: =CEILING(D17*Assumptions!$D$17/80,1) | H17: =CEILING(D17*Assumptions!$D$17/192,1)
B18: 2000 | C18: =B18*Assumptions!$C$7 | D18: =B18*Assumptions!$C$8 | E18: =B18*Assumptions!$C$9 | F18: =B18*Assumptions!$C$10 | G18: =CEILING(D18*Assumptions!$D$17/80,1) | H18: =CEILING(D18*Assumptions!$D$17/192,1)
J26: KV cache by context (GB) — helper for chart
J27: Context | K27: Llama-3.1-8B | L27: Llama-3.1-70B | M27: Llama-3.1-405B | N27: GPT-3 175B (MHA) | O27: Llama-2-7B (MHA)
J28: 1K | K28: ='KV Cache Scaling'!D8 | L28: ='KV Cache Scaling'!D16 | M28: ='KV Cache Scaling'!D18 | N28: ='KV Cache Scaling'!D17 | O28: ='KV Cache Scaling'!D9
J29: 2K | K29: ='KV Cache Scaling'!E8 | L29: ='KV Cache Scaling'!E16 | M29: ='KV Cache Scaling'!E18 | N29: ='KV Cache Scaling'!E17 | O29: ='KV Cache Scaling'!E9
J30: 4K | K30: ='KV Cache Scaling'!F8 | L30: ='KV Cache Scaling'!F16 | M30: ='KV Cache Scaling'!F18 | N30: ='KV Cache Scaling'!F17 | O30: ='KV Cache Scaling'!F9
J31: 8K | K31: ='KV Cache Scaling'!G8 | L31: ='KV Cache Scaling'!G16 | M31: ='KV Cache Scaling'!G18 | N31: ='KV Cache Scaling'!G17 | O31: ='KV Cache Scaling'!G9
J32: 16K | K32: ='KV Cache Scaling'!H8 | L32: ='KV Cache Scaling'!H16 | M32: ='KV Cache Scaling'!H18 | N32: ='KV Cache Scaling'!H17 | O32: ='KV Cache Scaling'!H9
J33: 32K | K33: ='KV Cache Scaling'!I8 | L33: ='KV Cache Scaling'!I16 | M33: ='KV Cache Scaling'!I18 | N33: ='KV Cache Scaling'!I17 | O33: ='KV Cache Scaling'!I9
J34: 64K | K34: ='KV Cache Scaling'!J8 | L34: ='KV Cache Scaling'!J16 | M34: ='KV Cache Scaling'!J18 | N34: ='KV Cache Scaling'!J17 | O34: ='KV Cache Scaling'!J9
J35: 128K | K35: ='KV Cache Scaling'!K8 | L35: ='KV Cache Scaling'!K16 | M35: ='KV Cache Scaling'!K18 | N35: ='KV Cache Scaling'!K17 | O35: ='KV Cache Scaling'!K9
