Workbook

Sheet Static_Headline
A1: Static headline: annual revenue exposure to U.S. users under age 16
A2: These are hard-coded outputs from the formula tabs for quick viewing. Use Company_Summary, Platform_Model, and Sensitivity for formulas, assumptions, and source links.
A4: Generated | B4: 2026-06-15
A6: Company / scope | B6: 2022 PLOS-based U.S. under-16 exposure | C6: 2024 current-rate under-16 exposure | D6: Share of relevant 2024 revenue | E6: Confidence | F6: Main caveat
A7: Meta (Facebook + Instagram) | B7: 3549530000 | C7: 5.0172617e+09 | D7: 0.031234315 | E7: Medium | F7: 2024 scaling uses Meta global ad revenue; Meta does not disclose age/platform revenue.
A8: Google (YouTube ads only) | B8: 1679100000 | C8: 2.0755199e+09 | D8: 0.057418869 | E8: Medium | F8: Excludes Google Search, Network, Gmail, Maps, Play, and subscriptions.
A9: Snap (Snapchat) | B9: 7.484586e+08 | C9: 8.0153013e+08 | D9: 0.16428595 | E9: Medium-Low | F9: PLOS age split reconstructed from users and U18 share.
A10: Pinterest | B10: n/a | C10: 1.3082817e+08 | D10: 0.045363442 | E10: Low | F10: No public minor revenue model; uses Census population, teen usage, and ARPU.
A11: TOTAL included scope | B11: 5.9770886e+09 | C11: 8.0251399e+09 | D11: 0.039234512 | E11: Mixed | F11: Aggregate across unlike disclosed revenue scopes; directional.
A14: Sensitivity range (2024 current-rate total)
A15: Scenario | B15: 13-15 share of 13-17 revenue | C15: Pinterest teen usage | D15: Meta | E15: Google / YouTube | F15: Snap | G15: Pinterest | H15: Total
A16: Low | B16: 0.5 | C16: 0.25 | D16: 4.4020993e+09 | E16: 1.927189e+09 | F16: 7.000206e+08 | G16: 93448691 | H16: 7.1227576e+09
A17: Base | B17: 0.6 | C17: 0.35 | D17: 5.0172617e+09 | E17: 2.0755199e+09 | F17: 8.0153013e+08 | G17: 1.3082817e+08 | H17: 8.0251399e+09
A18: High | B18: 0.7 | C18: 0.45 | D18: 5.6324241e+09 | E18: 2.2238508e+09 | F18: 9.0303966e+08 | G18: 1.6820764e+08 | H18: 8.9275221e+09

Sheet Company_Summary
A1: Teen under-16 revenue exposure model
A2: Generated | B2: 2026-06-15 | C2: Currency: USD. Base model defines under 16 as ages 0-15.
A4: Company | B4: Included platforms / scope | C4: 2022 U.S. under-16 exposure | D4: 2024 current-rate under-16 exposure | E4: Relevant 2024 revenue denominator | F4: Share of relevant revenue | G4: Global/company 2024 denominator | H4: Share of global/company revenue | I4: Confidence | J4: Principal caveat
A5: Meta | B5: Facebook + Instagram | C5: =SUMIF(Platform_Model!A:A,A5,Platform_Model!K:K) | D5: =SUMIF(Platform_Model!A:A,A5,Platform_Model!N:N) | E5: =Assumptions!$B$15 | F5: =D5/E5 | G5: =Assumptions!$B$15 | H5: =D5/G5 | I5: Medium | J5: PLOS is U.S. 2022; 2024 scaling uses Meta global ad revenue because platform-level U.S. age revenue is not disclosed.
A6: Google | B6: YouTube ads only | C6: =SUMIF(Platform_Model!A:A,A6,Platform_Model!K:K) | D6: =SUMIF(Platform_Model!A:A,A6,Platform_Model!N:N) | E6: =Assumptions!$B$17 | F6: =D6/E6 | G6: =Assumptions!$B$17 | H6: =D6/G6 | I6: Medium | J6: Excludes Google Search, Network, and other Google services; no public under-16 allocation found.
A7: Snap | B7: Snapchat | C7: =SUMIF(Platform_Model!A:A,A7,Platform_Model!K:K) | D7: =SUMIF(Platform_Model!A:A,A7,Platform_Model!N:N) | E7: =Assumptions!$B$19*Assumptions!$B$21 | F7: =D7/E7 | G7: =Assumptions!$B$19 | H7: =D7/G7 | I7: Medium-Low | J7: Age split reconstructed from PLOS inputs; 2024 ad denominator estimated from Snap total revenue and disclosed ad-share.
A8: Pinterest | B8: Pinterest | C8: n/a | D8: =SUMIF(Platform_Model!A:A,A8,Platform_Model!N:N) | E8: =Assumptions!$B$23 | F8: =D8/E8 | G8: =Assumptions!$B$22 | H8: =D8/G8 | I8: Low | J8: No public minor revenue model; estimated from teen usage, Census population, and U.S./Canada ARPU.
A9: TOTAL | B9: All included scopes | C9: =SUM(C5:C7) | D9: =SUM(D5:D8) | E9: =SUM(E5:E8) | F9: =D9/E9 | G9: =SUM(G5:G8) | H9: =D9/G9 | I9: Mixed | J9: This is not a company-disclosed figure; it is a transparent public-data model.
A12: Headline interpretation
A13: Base case estimates roughly $8.0B of current-rate annual revenue exposure across the included scopes. The comparable peer-reviewed PLOS 2022 U.S. baseline for Meta + YouTube + Snapchat is about $6.0B under age 16. Google is scoped to YouTube only; Pinterest is the lowest-confidence estimate.

Sheet Platform_Model
A1: Company | B1: Platform | C1: Included revenue scope | D1: Data confidence | E1: 2022 U.S. revenue/ad input | F1: Revenue age 0-12 | G1: Revenue age 13-17 | H1: Base 13-15 share | I1: Base revenue age 13-15 | J1: Base revenue age 16-17 | K1: 2022 U.S. under-16 revenue | L1: 2024 scaling basis | M1: 2024 scale factor | N1: 2024 current-rate under-16 revenue | O1: Relevant 2024 revenue denominator | P1: Share of relevant 2024 revenue | Q1: Global/company 2024 revenue denominator | R1: Share of global/company 2024 revenue | S1: Key caveats
A2: Meta | B2: Facebook | C2: U.S. Facebook advertising revenue in PLOS; 2024 scaled by Meta global GAAP advertising revenue | D2: Medium | E2: =PLOS_2022_Inputs!C2 | F2: =PLOS_2022_Inputs!G2 | G2: =PLOS_2022_Inputs!H2 | H2: =Assumptions!$B$2 | I2: =G2*H2 | J2: =G2*(1-H2) | K2: =F2+I2 | L2: Meta global GAAP ad revenue 2024 / 2022 | M2: =Assumptions!$B$15/Assumptions!$B$14 | N2: =K2*M2 | O2: =Assumptions!$B$15 | P2: =N2/O2 | Q2: =Assumptions!$B$15 | R2: =N2/Q2 | S2: Meta does not publicly disclose U.S. Facebook vs Instagram revenue or revenue by age; PLOS is U.S. 2022 simulated model.
A3: Meta | B3: Instagram | C3: U.S. Instagram advertising revenue in PLOS; 2024 scaled by Meta global GAAP advertising revenue | D3: Medium | E3: =PLOS_2022_Inputs!C3 | F3: =PLOS_2022_Inputs!G3 | G3: =PLOS_2022_Inputs!H3 | H3: =Assumptions!$B$2 | I3: =G3*H3 | J3: =G3*(1-H3) | K3: =F3+I3 | L3: Meta global GAAP ad revenue 2024 / 2022 | M3: =Assumptions!$B$15/Assumptions!$B$14 | N3: =K3*M3 | O3: =Assumptions!$B$15 | P3: =N3/O3 | Q3: =Assumptions!$B$15 | R3: =N3/Q3 | S3: PLOS reports Instagram 13-17 revenue as approximately $4.0B; current-rate scaling does not update teen user mix.
A4: Google | B4: YouTube | C4: YouTube advertising only; excludes Search, Network, Gmail, Maps, Google Play, subscriptions | D4: Medium | E4: =PLOS_2022_Inputs!C5 | F4: =PLOS_2022_Inputs!G5 | G4: =PLOS_2022_Inputs!H5 | H4: =Assumptions!$B$2 | I4: =G4*H4 | J4: =G4*(1-H4) | K4: =F4+I4 | L4: YouTube global ad revenue 2024 / 2022 | M4: =Assumptions!$B$17/Assumptions!$B$16 | N4: =K4*M4 | O4: =Assumptions!$B$17 | P4: =N4/O4 | Q4: =Assumptions!$B$17 | R4: =N4/Q4 | S4: Google exposure is undercounted if Search/Network revenue from under-16 users is in-scope; no public age allocation found.
A5: Snap | B5: Snapchat | C5: Snapchat advertising revenue; 2024 scaled by reported Snap ad revenue proxy | D5: Medium-Low | E5: =PLOS_2022_Inputs!C4 | F5: =PLOS_2022_Inputs!G4 | G5: =PLOS_2022_Inputs!H4 | H5: =Assumptions!$B$2 | I5: =G5*H5 | J5: =G5*(1-H5) | K5: =F5+I5 | L5: Snap global ad revenue proxy 2024 / 2022: total revenue * ad share | M5: =Assumptions!$B$19*Assumptions!$B$21/(Assumptions!$B$18*Assumptions!$B$20) | N5: =K5*M5 | O5: =Assumptions!$B$19*Assumptions!$B$21 | P5: =N5/O5 | Q5: =Assumptions!$B$19 | R5: =N5/Q5 | S5: PLOS gives U18 share but not exact 0-12/13-17 revenue in text; age split reconstructed from PLOS user counts.
A6: Pinterest | B6: Pinterest | C6: U.S. teen MAU estimate * Pinterest U.S./Canada ARPU; no 0-12 because service minimum age is 13 | D6: Low | E6: =Assumptions!$B$23 | F6: 0 | G6: =Pinterest_Calc!B13+Pinterest_Calc!B14 | H6: =Pinterest_Calc!B13/G6 | I6: =Pinterest_Calc!B13 | J6: =Pinterest_Calc!B14 | K6: =F6+I6 | L6: Direct 2024 estimate, no scale factor | M6: 1 | N6: =K6*M6 | O6: =Assumptions!$B$23 | P6: =N6/O6 | Q6: =Assumptions!$B$22 | R6: =N6/Q6 | S6: Pinterest does not disclose under-18 MAUs/revenue; based on Census age 13-15 population, Piper Sandler 35% monthly usage, and annual U.S./Canada ARPU.

Sheet PLOS_2022_Inputs
A1: Company | B1: Platform | C1: 2022 U.S. net ad revenue input | D1: PLOS total U18 share | E1: PLOS users age 0-12 | F1: PLOS users age 13-17 | G1: Revenue age 0-12 | H1: Revenue age 13-17 | I1: Total U18 revenue | J1: Revenue source quality / notes
A2: Meta | B2: Facebook | C2: 25750000000 | D2: 0.019 | E2: 2757000 | F2: 7047000 | G2: 137200000 | H2: =C2*D2-G2 | I2: =G2+H2 | J2: PLOS narrative gives 0-12 revenue; U18 share from Fig. 2; 13-17 derived as total U18 less 0-12.
A3: Meta | B3: Instagram | C3: 29790000000 | D3: =(G3+H3)/C3 | E3: 3982000 | F3: 12726000 | G3: 801100000 | H3: 4000000000 | I3: =G3+H3 | J3: PLOS narrative gives 0-12 and approx. 13-17 revenue; share recalculated from those values.
A4: Snap | B4: Snapchat | C4: 2723700000 | D4: 0.414 | E4: 2869000 | F4: 15131000 | G4: =C4*D4*E4/(E4+F4) | H4: =C4*D4*F4/(E4+F4) | I4: =G4+H4 | J4: PLOS Fig. 2 gives U18 share. Age split reconstructed using PLOS Table 1 users; youth minutes are same for both child and adolescent groups in S4.
A5: Google | B5: YouTube | C5: 8020000000 | D5: =(G5+H5)/C5 | E5: 31448000 | F5: 18341000 | G5: 959100000 | H5: 1200000000 | I5: =G5+H5 | J5: PLOS narrative gives 0-12 and approx. 13-17 revenue.

Sheet Pinterest_Calc
A1: Item | B1: Base value | C1: Low case | D1: High case | E1: Formula / source
A2: U.S. population age 13 | B2: =Assumptions!B9 | C2: =B2 | D2: =B2 | E2: Census NC-EST2024-AGESEX-RES
A3: U.S. population age 14 | B3: =Assumptions!B10 | C3: =B3 | D3: =B3 | E3: Census NC-EST2024-AGESEX-RES
A4: U.S. population age 15 | B4: =Assumptions!B11 | C4: =B4 | D4: =B4 | E4: Census NC-EST2024-AGESEX-RES
A5: U.S. population age 16 | B5: =Assumptions!B12 | C5: =B5 | D5: =B5 | E5: Census NC-EST2024-AGESEX-RES
A6: U.S. population age 17 | B6: =Assumptions!B13 | C6: =B6 | D6: =B6 | E6: Census NC-EST2024-AGESEX-RES
A7: Population age 13-15 | B7: =SUM(B2:B4) | C7: =SUM(C2:C4) | D7: =SUM(D2:D4) | E7: Under-16 teen population for Pinterest because platform minimum age is 13.
A8: Population age 16-17 | B8: =SUM(B5:B6) | C8: =SUM(C5:C6) | D8: =SUM(D5:D6) | E8: Older teen comparator.
A9: Monthly usage assumption | B9: =Assumptions!B5 | C9: =Assumptions!B6 | D9: =Assumptions!B7 | E9: Piper Sandler base; low/high sensitivity chosen by model.
A10: Estimated Pinterest MAUs age 13-15 | B10: =B7*B9 | C10: =C7*C9 | D10: =D7*D9 | E10: Population * monthly usage.
A11: Estimated Pinterest MAUs age 16-17 | B11: =B8*B9 | C11: =C8*C9 | D11: =D8*D9 | E11: Population * monthly usage.
A12: Annual U.S./Canada ARPU | B12: =Assumptions!B8 | C12: =B12 | D12: =B12 | E12: Pinterest 2024 annual U.S./Canada ARPU.
A13: Estimated revenue age 13-15 | B13: =B10*B12 | C13: =C10*C12 | D13: =D10*D12 | E13: Estimated MAUs * ARPU.
A14: Estimated revenue age 16-17 | B14: =B11*B12 | C14: =C11*C12 | D14: =D11*D12 | E14: Estimated MAUs * ARPU.
A15: Estimated under-16 revenue | B15: =B13 | C15: =C13 | D15: =D13 | E15: Pinterest has no public comparable minor ad revenue model; this is assumption-driven.

Sheet Sensitivity
A1: Scenario | B1: 13-15 share of 13-17 revenue | C1: Pinterest teen monthly usage | D1: Meta current-rate exposure | E1: Google/YouTube current-rate exposure | F1: Snap current-rate exposure | G1: Pinterest current-rate exposure | H1: Total current-rate exposure | I1: Notes
A2: Low | B2: =Assumptions!B3 | C2: =Assumptions!B6 | D2: =((PLOS_2022_Inputs!G2+PLOS_2022_Inputs!G3)+B2*(PLOS_2022_Inputs!H2+PLOS_2022_Inputs!H3))*(Assumptions!B15/Assumptions!B14) | E2: =(PLOS_2022_Inputs!G5+B2*PLOS_2022_Inputs!H5)*(Assumptions!B17/Assumptions!B16) | F2: =(PLOS_2022_Inputs!G4+B2*PLOS_2022_Inputs!H4)*(Assumptions!B19*Assumptions!B21/(Assumptions!B18*Assumptions!B20)) | G2: =SUM(Assumptions!B9:B11)*C2*Assumptions!B8 | H2: =SUM(D2:G2) | I2: Older-teen skew / lower Pinterest usage.
A3: Base | B3: =Assumptions!B2 | C3: =Assumptions!B5 | D3: =((PLOS_2022_Inputs!G2+PLOS_2022_Inputs!G3)+B3*(PLOS_2022_Inputs!H2+PLOS_2022_Inputs!H3))*(Assumptions!B15/Assumptions!B14) | E3: =(PLOS_2022_Inputs!G5+B3*PLOS_2022_Inputs!H5)*(Assumptions!B17/Assumptions!B16) | F3: =(PLOS_2022_Inputs!G4+B3*PLOS_2022_Inputs!H4)*(Assumptions!B19*Assumptions!B21/(Assumptions!B18*Assumptions!B20)) | G3: =SUM(Assumptions!B9:B11)*C3*Assumptions!B8 | H3: =SUM(D3:G3) | I3: 3 of 5 teen ages allocated to ages 13-15.
A4: High | B4: =Assumptions!B4 | C4: =Assumptions!B7 | D4: =((PLOS_2022_Inputs!G2+PLOS_2022_Inputs!G3)+B4*(PLOS_2022_Inputs!H2+PLOS_2022_Inputs!H3))*(Assumptions!B15/Assumptions!B14) | E4: =(PLOS_2022_Inputs!G5+B4*PLOS_2022_Inputs!H5)*(Assumptions!B17/Assumptions!B16) | F4: =(PLOS_2022_Inputs!G4+B4*PLOS_2022_Inputs!H4)*(Assumptions!B19*Assumptions!B21/(Assumptions!B18*Assumptions!B20)) | G4: =SUM(Assumptions!B9:B11)*C4*Assumptions!B8 | H4: =SUM(D4:G4) | I4: Younger-teen skew / higher Pinterest usage.

Sheet Assumptions
A1: Assumption / Input | B1: Value | C1: Notes
A2: Model date | B2: 2026-06-15 | C2: Workbook generated by Cursor Cloud agent.
A3: Base share of 13-17 revenue/users allocated to ages 13-15 | B3: 0.6 | C3: Under 16 includes ages 13, 14 and 15; base assumes 3 of 5 teen ages. Sensitivity tests 50%-70%.
A4: Low share of 13-17 allocated to ages 13-15 | B4: 0.5 | C4: Accounts for older teens potentially having more usage/monetization.
A5: High share of 13-17 allocated to ages 13-15 | B5: 0.7 | C5: Accounts for younger teens potentially having comparable or higher usage.
A6: Pinterest base monthly teen usage | B6: 0.35 | C6: Piper Sandler Taking Stock With Teens: Pinterest monthly usage peaked around 35%.
A7: Pinterest low monthly teen usage | B7: 0.25 | C7: Sensitivity assumption.
A8: Pinterest high monthly teen usage | B8: 0.45 | C8: Sensitivity assumption.
A9: Pinterest annual U.S./Canada ARPU 2024 | B9: 29.15 | C9: Pinterest 2024 Form 10-K: annual U.S. and Canada ARPU.
A10: U.S. population age 13, 2024 | B10: 4187019 | C10: Census NC-EST2024-AGESEX-RES, sex=0.
A11: U.S. population age 14, 2024 | B11: 4272434 | C11: Census NC-EST2024-AGESEX-RES, sex=0.
A12: U.S. population age 15, 2024 | B12: 4363695 | C12: Census NC-EST2024-AGESEX-RES, sex=0.
A13: U.S. population age 16, 2024 | B13: 4532690 | C13: Census NC-EST2024-AGESEX-RES, sex=0.
A14: U.S. population age 17, 2024 | B14: 4538195 | C14: Census NC-EST2024-AGESEX-RES, sex=0.
... A25: Alphabet Google advertising revenue 2024, context only | B25: 264590000000 | C25: Includes Search & other, YouTube ads, and Google Network; not allocated to under-16 due lack of public age/product data.

Sheet Sources
A1: Source | B1: Publisher / owner | C1: URL | D1: Inputs used | E1: Notes / limitations
A2: Social media platforms generate billions of dollars in revenue from U.S. youth: Findings from a simulated revenue model | B2: PLOS ONE / Raffoul et al. | C2: https://pmc.ncbi.nlm.nih.gov/articles/PMC10752512/ | D2: 2022 U.S. youth users, youth ad revenue narrative values, U18 revenue shares, methods | E2: Peer-reviewed simulation; reports ages 0-12 and 13-17, not under-16 directly.
A3: PLOS supplemental S1 Table | B3: PLOS ONE | C3: https://journals.plos.org/plosone/article/file?type=supplementary&id=10.1371/journal.pone.0295337.s001 | D3: Platform usage rates by age group | E3: Used as source register; not directly used in core formulas except context.
A4: PLOS supplemental S2 Table | B4: PLOS ONE | C4: https://journals.plos.org/plosone/article/file?type=supplementary&id=10.1371/journal.pone.0295337.s002 | D4: 2022 U.S. net ad revenue inputs for Facebook, Instagram, Snapchat, YouTube | E4: PLOS input based on eMarketer.
A5: PLOS supplemental S3 Table | B5: PLOS ONE | C5: https://journals.plos.org/plosone/article/file?type=supplementary&id=10.1371/journal.pone.0295337.s003 | D5: 2022 platform users by age group | E5: Used to reconstruct Snapchat 0-12 vs 13-17 split.
A6: PLOS supplemental S4 Table | B6: PLOS ONE | C6: https://journals.plos.org/plosone/article/file?type=supplementary&id=10.1371/journal.pone.0295337.s004 | D6: Minutes per day by platform for children/adults | E6: Supports revenue-per-minute assumption and Snapchat split note.
A7: Meta FY2024 results | B7: Meta Platforms | C7: https://www.sec.gov/Archives/edgar/data/1326801/000132680125000014/meta-12312024xexhibit991.htm | D7: 2024 GAAP advertising revenue $160.633B | E7: Company disclosure.
A8: Meta FY2023 results | B8: Meta Platforms | C8: https://www.sec.gov/Archives/edgar/data/1326801/000132680124000010/meta-12312023xexhibit991.htm | D8: 2022 GAAP advertising revenue $113.642B | E8: Used for 2024/2022 scale factor.
A9: Alphabet 2024 Form 10-K | B9: Alphabet | C9: https://abc.xyz/assets/77/51/9841ad5c4fbe85b4440c47a4df8d/goog-10-k-2024.pdf | D9: YouTube ads 2022 $29.243B and 2024 $36.147B; Google advertising 2024 $264.590B context | E9: Google estimate in model is YouTube-only.
A10: Snap 2024 Annual Report / Form 10-K | B10: Snap Inc. | C10: https://s25.q4cdn.com/442043304/files/doc_financials/2024/q4/2024-Annual-Report.pdf | D10: Total revenue 2022/2024; ad revenue share 99%/91%; geographic revenue context | E10: Snap ad revenue denominator estimated as total revenue * disclosed ad-share.
A11: Pinterest 2024 Annual Report / Form 10-K | B11: Pinterest | C11: https://companiesmarketcap.com/pinterest/sec-reports-10k/0001506293-25-000022/ | D11: 2024 global revenue $3.646B; U.S./Canada revenue $2.884B; annual U.S./Canada ARPU $29.15; MAUs 553M | E11: Pinterest estimate is assumption-driven.
A12: Pew Research Teens, Social Media and Technology 2024 | B12: Pew Research Center | C12: https://www.pewresearch.org/internet/2024/12/12/teens-social-media-and-technology-2024 | D12: 2024 teen usage context for YouTube, Instagram, Snapchat and Facebook | E12: Pew did not include Pinterest in primary 2024 set.
... A15: DataReportal Essential Pinterest Stats | B15: DataReportal | C15: https://datareportal.com/essential-pinterest-stats | D15: Pinterest advertising tools publish limited data below age 18 | E15: Supports limitation note; not used directly in formulas.
